"","StoreNumber","dayOfTheYear","X3HourBucket","GrossSoldQuantity","Cash.Credit.Site","EBT.Site","Loyalty.Site","ExtraMile.Site","CoBrand","Alcohol","Carwash","Food.Service","City","State","dayOfTheWeek"
"4244",4000,1,2,26,FALSE,FALSE,TRUE,TRUE,"No",FALSE,TRUE,TRUE,"SAN ANTONiO","TX",1
"4245",4000,1,3,29,FALSE,FALSE,TRUE,TRUE,"No",FALSE,TRUE,TRUE,"SAN ANTONiO","TX",1
"4246",4000,1,4,44,FALSE,FALSE,TRUE,TRUE,"No",FALSE,TRUE,TRUE,"SAN ANTONiO","TX",1
"4247",4000,2,1,31,FALSE,FALSE,TRUE,TRUE,"No",FALSE,TRUE,TRUE,"SAN ANTONiO","TX",2
"4248",4000,2,2,56,FALSE,FALSE,TRUE,TRUE,"No",FALSE,TRUE,TRUE,"SAN ANTONiO","TX",2
"4249",4000,2,3,64,FALSE,FALSE,TRUE,TRUE,"No",FALSE,TRUE,TRUE,"SAN ANTONiO","TX",2
"4250",4000,2,4,78,FALSE,FALSE,TRUE,TRUE,"No",FALSE,TRUE,TRUE,"SAN ANTONiO","TX",2
"4251",4000,3,1,35,FALSE,FALSE,TRUE,TRUE,"No",FALSE,TRUE,TRUE,"SAN ANTONiO","TX",3
"4252",4000,3,2,63,FALSE,FALSE,TRUE,TRUE,"No",FALSE,TRUE,TRUE,"SAN ANTONiO","TX",3
"4253",4000,3,3,75,FALSE,FALSE,TRUE,TRUE,"No",FALSE,TRUE,TRUE,"SAN ANTONiO","TX",3
"4254",4000,3,4,57,FALSE,FALSE,TRUE,TRUE,"No",FALSE,TRUE,TRUE,"SAN ANTONiO","TX",3
"4255",4000,4,1,17,FALSE,FALSE,TRUE,TRUE,"No",FALSE,TRUE,TRUE,"SAN ANTONiO","TX",4
"4256",4000,4,2,88,FALSE,FALSE,TRUE,TRUE,"No",FALSE,TRUE,TRUE,"SAN ANTONiO","TX",4
"4257",4000,4,3,36,FALSE,FALSE,TRUE,TRUE,"No",FALSE,TRUE,TRUE,"SAN ANTONiO","TX",4
"4258",4000,4,4,62,FALSE,FALSE,TRUE,TRUE,"No",FALSE,TRUE,TRUE,"SAN ANTONiO","TX",4
"4259",4000,5,1,6,FALSE,FALSE,TRUE,TRUE,"No",FALSE,TRUE,TRUE,"SAN ANTONiO","TX",5
"4260",4000,5,2,23,FALSE,FALSE,TRUE,TRUE,"No",FALSE,TRUE,TRUE,"SAN ANTONiO","TX",5
"4261",4000,5,3,22,FALSE,FALSE,TRUE,TRUE,"No",FALSE,TRUE,TRUE,"SAN ANTONiO","TX",5
"4262",4000,5,4,30,FALSE,FALSE,TRUE,TRUE,"No",FALSE,TRUE,TRUE,"SAN ANTONiO","TX",5
"4263",4000,6,1,16,FALSE,FALSE,TRUE,TRUE,"No",FALSE,TRUE,TRUE,"SAN ANTONiO","TX",6
"4264",4000,6,2,24,FALSE,FALSE,TRUE,TRUE,"No",FALSE,TRUE,TRUE,"SAN ANTONiO","TX",6
"4265",4000,6,3,29,FALSE,FALSE,TRUE,TRUE,"No",FALSE,TRUE,TRUE,"SAN ANTONiO","TX",6
"4266",4000,6,4,39,FALSE,FALSE,TRUE,TRUE,"No",FALSE,TRUE,TRUE,"SAN ANTONiO","TX",6
"4267",4000,7,1,7,FALSE,FALSE,TRUE,TRUE,"No",FALSE,TRUE,TRUE,"SAN ANTONiO","TX",0
"4268",4000,7,2,22,FALSE,FALSE,TRUE,TRUE,"No",FALSE,TRUE,TRUE,"SAN ANTONiO","TX",0
"4269",4000,7,3,29,FALSE,FALSE,TRUE,TRUE,"No",FALSE,TRUE,TRUE,"SAN ANTONiO","TX",0
"4270",4000,7,4,31,FALSE,FALSE,TRUE,TRUE,"No",FALSE,TRUE,TRUE,"SAN ANTONiO","TX",0
"4271",4000,8,1,9,FALSE,FALSE,TRUE,TRUE,"No",FALSE,TRUE,TRUE,"SAN ANTONiO","TX",1
"4272",4000,8,2,20,FALSE,FALSE,TRUE,TRUE,"No",FALSE,TRUE,TRUE,"SAN ANTONiO","TX",1
"4273",4000,8,3,24,FALSE,FALSE,TRUE,TRUE,"No",FALSE,TRUE,TRUE,"SAN ANTONiO","TX",1
"4274",4000,8,4,37,FALSE,FALSE,TRUE,TRUE,"No",FALSE,TRUE,TRUE,"SAN ANTONiO","TX",1
"4275",4000,9,1,38,FALSE,FALSE,TRUE,TRUE,"No",FALSE,TRUE,TRUE,"SAN ANTONiO","TX",2
"4276",4000,9,2,90,FALSE,FALSE,TRUE,TRUE,"No",FALSE,TRUE,TRUE,"SAN ANTONiO","TX",2
"4277",4000,9,3,68,FALSE,FALSE,TRUE,TRUE,"No",FALSE,TRUE,TRUE,"SAN ANTONiO","TX",2
"4278",4000,9,4,67,FALSE,FALSE,TRUE,TRUE,"No",FALSE,TRUE,TRUE,"SAN ANTONiO","TX",2
"4279",4000,10,1,31,FALSE,FALSE,TRUE,TRUE,"No",FALSE,TRUE,TRUE,"SAN ANTONiO","TX",3
"4280",4000,10,2,43,FALSE,FALSE,TRUE,TRUE,"No",FALSE,TRUE,TRUE,"SAN ANTONiO","TX",3
"4281",4000,10,3,41,FALSE,FALSE,TRUE,TRUE,"No",FALSE,TRUE,TRUE,"SAN ANTONiO","TX",3
"4282",4000,10,4,61,FALSE,FALSE,TRUE,TRUE,"No",FALSE,TRUE,TRUE,"SAN ANTONiO","TX",3
"4283",4000,11,1,32,FALSE,FALSE,TRUE,TRUE,"No",FALSE,TRUE,TRUE,"SAN ANTONiO","TX",4
"4284",4000,11,2,31,FALSE,FALSE,TRUE,TRUE,"No",FALSE,TRUE,TRUE,"SAN ANTONiO","TX",4
"4285",4000,11,3,42,FALSE,FALSE,TRUE,TRUE,"No",FALSE,TRUE,TRUE,"SAN ANTONiO","TX",4
"4286",4000,11,4,62,FALSE,FALSE,TRUE,TRUE,"No",FALSE,TRUE,TRUE,"SAN ANTONiO","TX",4
"4287",4000,12,1,14,FALSE,FALSE,TRUE,TRUE,"No",FALSE,TRUE,TRUE,"SAN ANTONiO","TX",5
"4288",4000,12,2,12,FALSE,FALSE,TRUE,TRUE,"No",FALSE,TRUE,TRUE,"SAN ANTONiO","TX",5
"4289",4000,12,3,45,FALSE,FALSE,TRUE,TRUE,"No",FALSE,TRUE,TRUE,"SAN ANTONiO","TX",5
"4290",4000,12,4,32,FALSE,FALSE,TRUE,TRUE,"No",FALSE,TRUE,TRUE,"SAN ANTONiO","TX",5
"4291",4000,13,1,14,FALSE,FALSE,TRUE,TRUE,"No",FALSE,TRUE,TRUE,"SAN ANTONiO","TX",6
"4292",4000,13,2,26,FALSE,FALSE,TRUE,TRUE,"No",FALSE,TRUE,TRUE,"SAN ANTONiO","TX",6
"4293",4000,13,3,32,FALSE,FALSE,TRUE,TRUE,"No",FALSE,TRUE,TRUE,"SAN ANTONiO","TX",6
"4294",4000,13,4,39,FALSE,FALSE,TRUE,TRUE,"No",FALSE,TRUE,TRUE,"SAN ANTONiO","TX",6
"4295",4000,14,1,8,FALSE,FALSE,TRUE,TRUE,"No",FALSE,TRUE,TRUE,"SAN ANTONiO","TX",0
"4296",4000,14,2,24,FALSE,FALSE,TRUE,TRUE,"No",FALSE,TRUE,TRUE,"SAN ANTONiO","TX",0
"4297",4000,14,3,21,FALSE,FALSE,TRUE,TRUE,"No",FALSE,TRUE,TRUE,"SAN ANTONiO","TX",0
"4298",4000,14,4,39,FALSE,FALSE,TRUE,TRUE,"No",FALSE,TRUE,TRUE,"SAN ANTONiO","TX",0
"4299",4000,15,1,10,FALSE,FALSE,TRUE,TRUE,"No",FALSE,TRUE,TRUE,"SAN ANTONiO","TX",1
"4300",4000,15,2,20,FALSE,FALSE,TRUE,TRUE,"No",FALSE,TRUE,TRUE,"SAN ANTONiO","TX",1
"4301",4000,15,3,29,FALSE,FALSE,TRUE,TRUE,"No",FALSE,TRUE,TRUE,"SAN ANTONiO","TX",1
"4302",4000,15,4,29,FALSE,FALSE,TRUE,TRUE,"No",FALSE,TRUE,TRUE,"SAN ANTONiO","TX",1
"4303",4000,16,1,30,FALSE,FALSE,TRUE,TRUE,"No",FALSE,TRUE,TRUE,"SAN ANTONiO","TX",2
"4304",4000,16,2,41,FALSE,FALSE,TRUE,TRUE,"No",FALSE,TRUE,TRUE,"SAN ANTONiO","TX",2
"4305",4000,16,4,83,FALSE,FALSE,TRUE,TRUE,"No",FALSE,TRUE,TRUE,"SAN ANTONiO","TX",2
"4306",4000,17,1,37,FALSE,FALSE,TRUE,TRUE,"No",FALSE,TRUE,TRUE,"SAN ANTONiO","TX",3
"4307",4000,17,2,92,FALSE,FALSE,TRUE,TRUE,"No",FALSE,TRUE,TRUE,"SAN ANTONiO","TX",3
"4308",4000,17,3,47,FALSE,FALSE,TRUE,TRUE,"No",FALSE,TRUE,TRUE,"SAN ANTONiO","TX",3
"4309",4000,17,4,60,FALSE,FALSE,TRUE,TRUE,"No",FALSE,TRUE,TRUE,"SAN ANTONiO","TX",3
"4310",4000,18,1,36,FALSE,FALSE,TRUE,TRUE,"No",FALSE,TRUE,TRUE,"SAN ANTONiO","TX",4
"4311",4000,18,2,50,FALSE,FALSE,TRUE,TRUE,"No",FALSE,TRUE,TRUE,"SAN ANTONiO","TX",4
"4312",4000,18,3,79,FALSE,FALSE,TRUE,TRUE,"No",FALSE,TRUE,TRUE,"SAN ANTONiO","TX",4
"4313",4000,18,4,44,FALSE,FALSE,TRUE,TRUE,"No",FALSE,TRUE,TRUE,"SAN ANTONiO","TX",4
"4314",4000,19,1,15,FALSE,FALSE,TRUE,TRUE,"No",FALSE,TRUE,TRUE,"SAN ANTONiO","TX",5
"4315",4000,19,2,12,FALSE,FALSE,TRUE,TRUE,"No",FALSE,TRUE,TRUE,"SAN ANTONiO","TX",5
"4316",4000,19,3,35,FALSE,FALSE,TRUE,TRUE,"No",FALSE,TRUE,TRUE,"SAN ANTONiO","TX",5
"4317",4000,19,4,46,FALSE,FALSE,TRUE,TRUE,"No",FALSE,TRUE,TRUE,"SAN ANTONiO","TX",5
"4318",4000,20,1,20,FALSE,FALSE,TRUE,TRUE,"No",FALSE,TRUE,TRUE,"SAN ANTONiO","TX",6
"4319",4000,20,3,27,FALSE,FALSE,TRUE,TRUE,"No",FALSE,TRUE,TRUE,"SAN ANTONiO","TX",6
"4320",4000,20,4,44,FALSE,FALSE,TRUE,TRUE,"No",FALSE,TRUE,TRUE,"SAN ANTONiO","TX",6
"4321",4000,21,1,15,FALSE,FALSE,TRUE,TRUE,"No",FALSE,TRUE,TRUE,"SAN ANTONiO","TX",0
"4322",4000,21,2,13,FALSE,FALSE,TRUE,TRUE,"No",FALSE,TRUE,TRUE,"SAN ANTONiO","TX",0
"4323",4000,21,3,28,FALSE,FALSE,TRUE,TRUE,"No",FALSE,TRUE,TRUE,"SAN ANTONiO","TX",0
"4324",4000,21,4,41,FALSE,FALSE,TRUE,TRUE,"No",FALSE,TRUE,TRUE,"SAN ANTONiO","TX",0
"4325",4000,22,1,15,FALSE,FALSE,TRUE,TRUE,"No",FALSE,TRUE,TRUE,"SAN ANTONiO","TX",1
"4326",4000,22,2,16,FALSE,FALSE,TRUE,TRUE,"No",FALSE,TRUE,TRUE,"SAN ANTONiO","TX",1
"4327",4000,22,3,25,FALSE,FALSE,TRUE,TRUE,"No",FALSE,TRUE,TRUE,"SAN ANTONiO","TX",1
"4328",4000,22,4,36,FALSE,FALSE,TRUE,TRUE,"No",FALSE,TRUE,TRUE,"SAN ANTONiO","TX",1
"4329",4000,23,1,38,FALSE,FALSE,TRUE,TRUE,"No",FALSE,TRUE,TRUE,"SAN ANTONiO","TX",2
"4330",4000,23,2,32,FALSE,FALSE,TRUE,TRUE,"No",FALSE,TRUE,TRUE,"SAN ANTONiO","TX",2
"4331",4000,23,3,58,FALSE,FALSE,TRUE,TRUE,"No",FALSE,TRUE,TRUE,"SAN ANTONiO","TX",2
"4332",4000,23,4,79,FALSE,FALSE,TRUE,TRUE,"No",FALSE,TRUE,TRUE,"SAN ANTONiO","TX",2
"4333",4000,24,1,43,FALSE,FALSE,TRUE,TRUE,"No",FALSE,TRUE,TRUE,"SAN ANTONiO","TX",3
"4334",4000,24,2,54,FALSE,FALSE,TRUE,TRUE,"No",FALSE,TRUE,TRUE,"SAN ANTONiO","TX",3
"4335",4000,24,3,63,FALSE,FALSE,TRUE,TRUE,"No",FALSE,TRUE,TRUE,"SAN ANTONiO","TX",3
"4336",4000,24,4,63,FALSE,FALSE,TRUE,TRUE,"No",FALSE,TRUE,TRUE,"SAN ANTONiO","TX",3
"4337",4000,25,1,34,FALSE,FALSE,TRUE,TRUE,"No",FALSE,TRUE,TRUE,"SAN ANTONiO","TX",4
"4338",4000,25,2,37,FALSE,FALSE,TRUE,TRUE,"No",FALSE,TRUE,TRUE,"SAN ANTONiO","TX",4
"4339",4000,25,3,59,FALSE,FALSE,TRUE,TRUE,"No",FALSE,TRUE,TRUE,"SAN ANTONiO","TX",4
"4340",4000,25,4,55,FALSE,FALSE,TRUE,TRUE,"No",FALSE,TRUE,TRUE,"SAN ANTONiO","TX",4
"4341",4000,26,1,18,FALSE,FALSE,TRUE,TRUE,"No",FALSE,TRUE,TRUE,"SAN ANTONiO","TX",5
"4342",4000,26,2,34,FALSE,FALSE,TRUE,TRUE,"No",FALSE,TRUE,TRUE,"SAN ANTONiO","TX",5
"4343",4000,26,3,24,FALSE,FALSE,TRUE,TRUE,"No",FALSE,TRUE,TRUE,"SAN ANTONiO","TX",5
"4344",4000,26,4,45,FALSE,FALSE,TRUE,TRUE,"No",FALSE,TRUE,TRUE,"SAN ANTONiO","TX",5
"4345",4000,27,1,15,FALSE,FALSE,TRUE,TRUE,"No",FALSE,TRUE,TRUE,"SAN ANTONiO","TX",6
"4346",4000,27,3,23,FALSE,FALSE,TRUE,TRUE,"No",FALSE,TRUE,TRUE,"SAN ANTONiO","TX",6
"4347",4000,27,4,47,FALSE,FALSE,TRUE,TRUE,"No",FALSE,TRUE,TRUE,"SAN ANTONiO","TX",6
"4348",4000,28,1,7,FALSE,FALSE,TRUE,TRUE,"No",FALSE,TRUE,TRUE,"SAN ANTONiO","TX",0
"4349",4000,28,2,24,FALSE,FALSE,TRUE,TRUE,"No",FALSE,TRUE,TRUE,"SAN ANTONiO","TX",0
"4350",4000,28,3,33,FALSE,FALSE,TRUE,TRUE,"No",FALSE,TRUE,TRUE,"SAN ANTONiO","TX",0
"4351",4000,28,4,28,FALSE,FALSE,TRUE,TRUE,"No",FALSE,TRUE,TRUE,"SAN ANTONiO","TX",0
"4352",4000,29,1,13,FALSE,FALSE,TRUE,TRUE,"No",FALSE,TRUE,TRUE,"SAN ANTONiO","TX",1
"4353",4000,29,2,14,FALSE,FALSE,TRUE,TRUE,"No",FALSE,TRUE,TRUE,"SAN ANTONiO","TX",1
"4354",4000,29,3,38,FALSE,FALSE,TRUE,TRUE,"No",FALSE,TRUE,TRUE,"SAN ANTONiO","TX",1
"4355",4000,29,4,45,FALSE,FALSE,TRUE,TRUE,"No",FALSE,TRUE,TRUE,"SAN ANTONiO","TX",1
"4356",4000,30,1,51,FALSE,FALSE,TRUE,TRUE,"No",FALSE,TRUE,TRUE,"SAN ANTONiO","TX",2
"4357",4000,30,2,77,FALSE,FALSE,TRUE,TRUE,"No",FALSE,TRUE,TRUE,"SAN ANTONiO","TX",2
"4358",4000,30,3,53,FALSE,FALSE,TRUE,TRUE,"No",FALSE,TRUE,TRUE,"SAN ANTONiO","TX",2
"4359",4000,30,4,80,FALSE,FALSE,TRUE,TRUE,"No",FALSE,TRUE,TRUE,"SAN ANTONiO","TX",2
"4360",4000,31,1,31,FALSE,FALSE,TRUE,TRUE,"No",FALSE,TRUE,TRUE,"SAN ANTONiO","TX",3
"4361",4000,31,2,60,FALSE,FALSE,TRUE,TRUE,"No",FALSE,TRUE,TRUE,"SAN ANTONiO","TX",3
"4362",4000,31,3,35,FALSE,FALSE,TRUE,TRUE,"No",FALSE,TRUE,TRUE,"SAN ANTONiO","TX",3
"4363",4000,31,4,103,FALSE,FALSE,TRUE,TRUE,"No",FALSE,TRUE,TRUE,"SAN ANTONiO","TX",3
"4364",4000,32,1,20,FALSE,FALSE,TRUE,TRUE,"No",FALSE,TRUE,TRUE,"SAN ANTONiO","TX",4
"4365",4000,32,2,40,FALSE,FALSE,TRUE,TRUE,"No",FALSE,TRUE,TRUE,"SAN ANTONiO","TX",4
"4366",4000,32,3,86,FALSE,FALSE,TRUE,TRUE,"No",FALSE,TRUE,TRUE,"SAN ANTONiO","TX",4
"4367",4000,32,4,85,FALSE,FALSE,TRUE,TRUE,"No",FALSE,TRUE,TRUE,"SAN ANTONiO","TX",4
"4368",4000,33,1,12,FALSE,FALSE,TRUE,TRUE,"No",FALSE,TRUE,TRUE,"SAN ANTONiO","TX",5
"4369",4000,33,2,26,FALSE,FALSE,TRUE,TRUE,"No",FALSE,TRUE,TRUE,"SAN ANTONiO","TX",5
"4370",4000,33,3,25,FALSE,FALSE,TRUE,TRUE,"No",FALSE,TRUE,TRUE,"SAN ANTONiO","TX",5
"4371",4000,33,4,24,FALSE,FALSE,TRUE,TRUE,"No",FALSE,TRUE,TRUE,"SAN ANTONiO","TX",5
"4372",4000,34,1,21,FALSE,FALSE,TRUE,TRUE,"No",FALSE,TRUE,TRUE,"SAN ANTONiO","TX",6
"4373",4000,34,2,27,FALSE,FALSE,TRUE,TRUE,"No",FALSE,TRUE,TRUE,"SAN ANTONiO","TX",6
"4374",4000,34,3,42,FALSE,FALSE,TRUE,TRUE,"No",FALSE,TRUE,TRUE,"SAN ANTONiO","TX",6
"4375",4000,34,4,49,FALSE,FALSE,TRUE,TRUE,"No",FALSE,TRUE,TRUE,"SAN ANTONiO","TX",6
"4376",4000,35,1,9,FALSE,FALSE,TRUE,TRUE,"No",FALSE,TRUE,TRUE,"SAN ANTONiO","TX",0
"4377",4000,35,2,18,FALSE,FALSE,TRUE,TRUE,"No",FALSE,TRUE,TRUE,"SAN ANTONiO","TX",0
"4378",4000,35,3,26,FALSE,FALSE,TRUE,TRUE,"No",FALSE,TRUE,TRUE,"SAN ANTONiO","TX",0
"4379",4000,35,4,26,FALSE,FALSE,TRUE,TRUE,"No",FALSE,TRUE,TRUE,"SAN ANTONiO","TX",0
"4380",4000,36,1,12,FALSE,FALSE,TRUE,TRUE,"No",FALSE,TRUE,TRUE,"SAN ANTONiO","TX",1
"4381",4000,36,2,15,FALSE,FALSE,TRUE,TRUE,"No",FALSE,TRUE,TRUE,"SAN ANTONiO","TX",1
"4382",4000,36,3,38,FALSE,FALSE,TRUE,TRUE,"No",FALSE,TRUE,TRUE,"SAN ANTONiO","TX",1
"4383",4000,36,4,30,FALSE,FALSE,TRUE,TRUE,"No",FALSE,TRUE,TRUE,"SAN ANTONiO","TX",1
"4384",4000,37,1,36,FALSE,FALSE,TRUE,TRUE,"No",FALSE,TRUE,TRUE,"SAN ANTONiO","TX",2
"4385",4000,37,2,86,FALSE,FALSE,TRUE,TRUE,"No",FALSE,TRUE,TRUE,"SAN ANTONiO","TX",2
"4386",4000,37,3,62,FALSE,FALSE,TRUE,TRUE,"No",FALSE,TRUE,TRUE,"SAN ANTONiO","TX",2
"4387",4000,37,4,68,FALSE,FALSE,TRUE,TRUE,"No",FALSE,TRUE,TRUE,"SAN ANTONiO","TX",2
"4388",4000,38,1,36,FALSE,FALSE,TRUE,TRUE,"No",FALSE,TRUE,TRUE,"SAN ANTONiO","TX",3
"4389",4000,38,2,58,FALSE,FALSE,TRUE,TRUE,"No",FALSE,TRUE,TRUE,"SAN ANTONiO","TX",3
"4390",4000,38,3,67,FALSE,FALSE,TRUE,TRUE,"No",FALSE,TRUE,TRUE,"SAN ANTONiO","TX",3
"4391",4000,38,4,35,FALSE,FALSE,TRUE,TRUE,"No",FALSE,TRUE,TRUE,"SAN ANTONiO","TX",3
"4392",4000,39,1,45,FALSE,FALSE,TRUE,TRUE,"No",FALSE,TRUE,TRUE,"SAN ANTONiO","TX",4
"4393",4000,39,2,71,FALSE,FALSE,TRUE,TRUE,"No",FALSE,TRUE,TRUE,"SAN ANTONiO","TX",4
"4394",4000,39,3,84,FALSE,FALSE,TRUE,TRUE,"No",FALSE,TRUE,TRUE,"SAN ANTONiO","TX",4
"4395",4000,39,4,85,FALSE,FALSE,TRUE,TRUE,"No",FALSE,TRUE,TRUE,"SAN ANTONiO","TX",4
"4396",4000,40,1,9,FALSE,FALSE,TRUE,TRUE,"No",FALSE,TRUE,TRUE,"SAN ANTONiO","TX",5
"4397",4000,40,2,21,FALSE,FALSE,TRUE,TRUE,"No",FALSE,TRUE,TRUE,"SAN ANTONiO","TX",5
"4398",4000,40,3,37,FALSE,FALSE,TRUE,TRUE,"No",FALSE,TRUE,TRUE,"SAN ANTONiO","TX",5
"4399",4000,40,4,27,FALSE,FALSE,TRUE,TRUE,"No",FALSE,TRUE,TRUE,"SAN ANTONiO","TX",5
"4400",4000,41,1,19,FALSE,FALSE,TRUE,TRUE,"No",FALSE,TRUE,TRUE,"SAN ANTONiO","TX",6
"4401",4000,41,2,26,FALSE,FALSE,TRUE,TRUE,"No",FALSE,TRUE,TRUE,"SAN ANTONiO","TX",6
"4402",4000,41,3,42,FALSE,FALSE,TRUE,TRUE,"No",FALSE,TRUE,TRUE,"SAN ANTONiO","TX",6
"4403",4000,41,4,40,FALSE,FALSE,TRUE,TRUE,"No",FALSE,TRUE,TRUE,"SAN ANTONiO","TX",6
"4404",4000,42,1,8,FALSE,FALSE,TRUE,TRUE,"No",FALSE,TRUE,TRUE,"SAN ANTONiO","TX",0
"4405",4000,42,2,22,FALSE,FALSE,TRUE,TRUE,"No",FALSE,TRUE,TRUE,"SAN ANTONiO","TX",0
"4406",4000,42,3,28,FALSE,FALSE,TRUE,TRUE,"No",FALSE,TRUE,TRUE,"SAN ANTONiO","TX",0
"4407",4000,42,4,51,FALSE,FALSE,TRUE,TRUE,"No",FALSE,TRUE,TRUE,"SAN ANTONiO","TX",0
"4408",4000,43,1,10,FALSE,FALSE,TRUE,TRUE,"No",FALSE,TRUE,TRUE,"SAN ANTONiO","TX",1
"4409",4000,43,2,24,FALSE,FALSE,TRUE,TRUE,"No",FALSE,TRUE,TRUE,"SAN ANTONiO","TX",1
"4410",4000,43,3,23,FALSE,FALSE,TRUE,TRUE,"No",FALSE,TRUE,TRUE,"SAN ANTONiO","TX",1
"4411",4000,43,4,46,FALSE,FALSE,TRUE,TRUE,"No",FALSE,TRUE,TRUE,"SAN ANTONiO","TX",1
"4412",4000,44,1,31,FALSE,FALSE,TRUE,TRUE,"No",FALSE,TRUE,TRUE,"SAN ANTONiO","TX",2
"4413",4000,44,2,35,FALSE,FALSE,TRUE,TRUE,"No",FALSE,TRUE,TRUE,"SAN ANTONiO","TX",2
"4414",4000,44,3,74,FALSE,FALSE,TRUE,TRUE,"No",FALSE,TRUE,TRUE,"SAN ANTONiO","TX",2
"4415",4000,44,4,94,FALSE,FALSE,TRUE,TRUE,"No",FALSE,TRUE,TRUE,"SAN ANTONiO","TX",2
"4416",4000,45,1,34,FALSE,FALSE,TRUE,TRUE,"No",FALSE,TRUE,TRUE,"SAN ANTONiO","TX",3
"4417",4000,45,2,57,FALSE,FALSE,TRUE,TRUE,"No",FALSE,TRUE,TRUE,"SAN ANTONiO","TX",3
"4418",4000,45,3,47,FALSE,FALSE,TRUE,TRUE,"No",FALSE,TRUE,TRUE,"SAN ANTONiO","TX",3
"4419",4000,45,4,69,FALSE,FALSE,TRUE,TRUE,"No",FALSE,TRUE,TRUE,"SAN ANTONiO","TX",3
"4420",4000,46,1,47,FALSE,FALSE,TRUE,TRUE,"No",FALSE,TRUE,TRUE,"SAN ANTONiO","TX",4
"4421",4000,46,2,67,FALSE,FALSE,TRUE,TRUE,"No",FALSE,TRUE,TRUE,"SAN ANTONiO","TX",4
"4422",4000,46,3,58,FALSE,FALSE,TRUE,TRUE,"No",FALSE,TRUE,TRUE,"SAN ANTONiO","TX",4
"4423",4000,46,4,59,FALSE,FALSE,TRUE,TRUE,"No",FALSE,TRUE,TRUE,"SAN ANTONiO","TX",4
"4424",4000,47,1,15,FALSE,FALSE,TRUE,TRUE,"No",FALSE,TRUE,TRUE,"SAN ANTONiO","TX",5
"4425",4000,47,2,18,FALSE,FALSE,TRUE,TRUE,"No",FALSE,TRUE,TRUE,"SAN ANTONiO","TX",5
"4426",4000,47,3,39,FALSE,FALSE,TRUE,TRUE,"No",FALSE,TRUE,TRUE,"SAN ANTONiO","TX",5
"4427",4000,48,1,17,FALSE,FALSE,TRUE,TRUE,"No",FALSE,TRUE,TRUE,"SAN ANTONiO","TX",6
"4428",4000,48,2,33,FALSE,FALSE,TRUE,TRUE,"No",FALSE,TRUE,TRUE,"SAN ANTONiO","TX",6
"4429",4000,48,3,41,FALSE,FALSE,TRUE,TRUE,"No",FALSE,TRUE,TRUE,"SAN ANTONiO","TX",6
"4430",4000,48,4,51,FALSE,FALSE,TRUE,TRUE,"No",FALSE,TRUE,TRUE,"SAN ANTONiO","TX",6
"4431",4000,49,1,6,FALSE,FALSE,TRUE,TRUE,"No",FALSE,TRUE,TRUE,"SAN ANTONiO","TX",0
"4432",4000,49,2,16,FALSE,FALSE,TRUE,TRUE,"No",FALSE,TRUE,TRUE,"SAN ANTONiO","TX",0
"4433",4000,49,3,25,FALSE,FALSE,TRUE,TRUE,"No",FALSE,TRUE,TRUE,"SAN ANTONiO","TX",0
"4434",4000,49,4,48,FALSE,FALSE,TRUE,TRUE,"No",FALSE,TRUE,TRUE,"SAN ANTONiO","TX",0
"4435",4000,50,1,10,FALSE,FALSE,TRUE,TRUE,"No",FALSE,TRUE,TRUE,"SAN ANTONiO","TX",1
"4436",4000,50,2,29,FALSE,FALSE,TRUE,TRUE,"No",FALSE,TRUE,TRUE,"SAN ANTONiO","TX",1
"4437",4000,50,3,37,FALSE,FALSE,TRUE,TRUE,"No",FALSE,TRUE,TRUE,"SAN ANTONiO","TX",1
"4438",4000,50,4,42,FALSE,FALSE,TRUE,TRUE,"No",FALSE,TRUE,TRUE,"SAN ANTONiO","TX",1
"4439",4000,51,1,33,FALSE,FALSE,TRUE,TRUE,"No",FALSE,TRUE,TRUE,"SAN ANTONiO","TX",2
"4440",4000,51,2,25,FALSE,FALSE,TRUE,TRUE,"No",FALSE,TRUE,TRUE,"SAN ANTONiO","TX",2
"4441",4000,51,3,65,FALSE,FALSE,TRUE,TRUE,"No",FALSE,TRUE,TRUE,"SAN ANTONiO","TX",2
"4442",4000,51,4,82,FALSE,FALSE,TRUE,TRUE,"No",FALSE,TRUE,TRUE,"SAN ANTONiO","TX",2
"4443",4000,52,1,27,FALSE,FALSE,TRUE,TRUE,"No",FALSE,TRUE,TRUE,"SAN ANTONiO","TX",3
"4444",4000,52,2,35,FALSE,FALSE,TRUE,TRUE,"No",FALSE,TRUE,TRUE,"SAN ANTONiO","TX",3
"4445",4000,52,3,74,FALSE,FALSE,TRUE,TRUE,"No",FALSE,TRUE,TRUE,"SAN ANTONiO","TX",3
"4446",4000,52,4,79,FALSE,FALSE,TRUE,TRUE,"No",FALSE,TRUE,TRUE,"SAN ANTONiO","TX",3
"4447",4000,53,1,38,FALSE,FALSE,TRUE,TRUE,"No",FALSE,TRUE,TRUE,"SAN ANTONiO","TX",4
"4448",4000,53,2,40,FALSE,FALSE,TRUE,TRUE,"No",FALSE,TRUE,TRUE,"SAN ANTONiO","TX",4
"4449",4000,53,3,82,FALSE,FALSE,TRUE,TRUE,"No",FALSE,TRUE,TRUE,"SAN ANTONiO","TX",4
"4450",4000,53,4,56,FALSE,FALSE,TRUE,TRUE,"No",FALSE,TRUE,TRUE,"SAN ANTONiO","TX",4
"4451",4000,54,1,20,FALSE,FALSE,TRUE,TRUE,"No",FALSE,TRUE,TRUE,"SAN ANTONiO","TX",5
"4452",4000,54,2,32,FALSE,FALSE,TRUE,TRUE,"No",FALSE,TRUE,TRUE,"SAN ANTONiO","TX",5
"4453",4000,54,3,29,FALSE,FALSE,TRUE,TRUE,"No",FALSE,TRUE,TRUE,"SAN ANTONiO","TX",5
"4454",4000,54,4,40,FALSE,FALSE,TRUE,TRUE,"No",FALSE,TRUE,TRUE,"SAN ANTONiO","TX",5
"4455",4000,55,1,15,FALSE,FALSE,TRUE,TRUE,"No",FALSE,TRUE,TRUE,"SAN ANTONiO","TX",6
"4456",4000,55,3,36,FALSE,FALSE,TRUE,TRUE,"No",FALSE,TRUE,TRUE,"SAN ANTONiO","TX",6
"4457",4000,55,4,42,FALSE,FALSE,TRUE,TRUE,"No",FALSE,TRUE,TRUE,"SAN ANTONiO","TX",6
"4458",4000,56,1,13,FALSE,FALSE,TRUE,TRUE,"No",FALSE,TRUE,TRUE,"SAN ANTONiO","TX",0
"4459",4000,56,2,17,FALSE,FALSE,TRUE,TRUE,"No",FALSE,TRUE,TRUE,"SAN ANTONiO","TX",0
"4460",4000,56,3,25,FALSE,FALSE,TRUE,TRUE,"No",FALSE,TRUE,TRUE,"SAN ANTONiO","TX",0
"4461",4000,56,4,39,FALSE,FALSE,TRUE,TRUE,"No",FALSE,TRUE,TRUE,"SAN ANTONiO","TX",0
"4462",4000,57,1,14,FALSE,FALSE,TRUE,TRUE,"No",FALSE,TRUE,TRUE,"SAN ANTONiO","TX",1
"4463",4000,57,2,16,FALSE,FALSE,TRUE,TRUE,"No",FALSE,TRUE,TRUE,"SAN ANTONiO","TX",1
"4464",4000,57,3,25,FALSE,FALSE,TRUE,TRUE,"No",FALSE,TRUE,TRUE,"SAN ANTONiO","TX",1
"4465",4000,57,4,37,FALSE,FALSE,TRUE,TRUE,"No",FALSE,TRUE,TRUE,"SAN ANTONiO","TX",1
"4466",4000,58,1,26,FALSE,FALSE,TRUE,TRUE,"No",FALSE,TRUE,TRUE,"SAN ANTONiO","TX",2
"4467",4000,58,2,51,FALSE,FALSE,TRUE,TRUE,"No",FALSE,TRUE,TRUE,"SAN ANTONiO","TX",2
"4468",4000,58,3,72,FALSE,FALSE,TRUE,TRUE,"No",FALSE,TRUE,TRUE,"SAN ANTONiO","TX",2
"4469",4000,58,4,54,FALSE,FALSE,TRUE,TRUE,"No",FALSE,TRUE,TRUE,"SAN ANTONiO","TX",2
"4470",4000,59,1,29,FALSE,FALSE,TRUE,TRUE,"No",FALSE,TRUE,TRUE,"SAN ANTONiO","TX",3
"4471",4000,59,2,53,FALSE,FALSE,TRUE,TRUE,"No",FALSE,TRUE,TRUE,"SAN ANTONiO","TX",3
"4472",4000,59,3,53,FALSE,FALSE,TRUE,TRUE,"No",FALSE,TRUE,TRUE,"SAN ANTONiO","TX",3
"4473",4000,59,4,62,FALSE,FALSE,TRUE,TRUE,"No",FALSE,TRUE,TRUE,"SAN ANTONiO","TX",3
"4474",4000,60,1,41,FALSE,FALSE,TRUE,TRUE,"No",FALSE,TRUE,TRUE,"SAN ANTONiO","TX",4
"4475",4000,60,2,52,FALSE,FALSE,TRUE,TRUE,"No",FALSE,TRUE,TRUE,"SAN ANTONiO","TX",4
"4476",4000,60,3,52,FALSE,FALSE,TRUE,TRUE,"No",FALSE,TRUE,TRUE,"SAN ANTONiO","TX",4
"4477",4000,60,4,34,FALSE,FALSE,TRUE,TRUE,"No",FALSE,TRUE,TRUE,"SAN ANTONiO","TX",4
"4478",4000,61,1,13,FALSE,FALSE,TRUE,TRUE,"No",FALSE,TRUE,TRUE,"SAN ANTONiO","TX",5
"4479",4000,61,2,24,FALSE,FALSE,TRUE,TRUE,"No",FALSE,TRUE,TRUE,"SAN ANTONiO","TX",5
"4480",4000,61,3,26,FALSE,FALSE,TRUE,TRUE,"No",FALSE,TRUE,TRUE,"SAN ANTONiO","TX",5
"4481",4000,61,4,31,FALSE,FALSE,TRUE,TRUE,"No",FALSE,TRUE,TRUE,"SAN ANTONiO","TX",5
"4482",4000,62,1,19,FALSE,FALSE,TRUE,TRUE,"No",FALSE,TRUE,TRUE,"SAN ANTONiO","TX",6
"4483",4000,62,2,28,FALSE,FALSE,TRUE,TRUE,"No",FALSE,TRUE,TRUE,"SAN ANTONiO","TX",6
"4484",4000,62,3,42,FALSE,FALSE,TRUE,TRUE,"No",FALSE,TRUE,TRUE,"SAN ANTONiO","TX",6
"4485",4000,62,4,43,FALSE,FALSE,TRUE,TRUE,"No",FALSE,TRUE,TRUE,"SAN ANTONiO","TX",6
"4486",4000,63,1,10,FALSE,FALSE,TRUE,TRUE,"No",FALSE,TRUE,TRUE,"SAN ANTONiO","TX",0
"4487",4000,63,2,23,FALSE,FALSE,TRUE,TRUE,"No",FALSE,TRUE,TRUE,"SAN ANTONiO","TX",0
"4488",4000,63,3,26,FALSE,FALSE,TRUE,TRUE,"No",FALSE,TRUE,TRUE,"SAN ANTONiO","TX",0
"4489",4000,63,4,46,FALSE,FALSE,TRUE,TRUE,"No",FALSE,TRUE,TRUE,"SAN ANTONiO","TX",0
"4490",4000,64,1,18,FALSE,FALSE,TRUE,TRUE,"No",FALSE,TRUE,TRUE,"SAN ANTONiO","TX",1
"4491",4000,64,2,19,FALSE,FALSE,TRUE,TRUE,"No",FALSE,TRUE,TRUE,"SAN ANTONiO","TX",1
"4492",4000,64,3,38,FALSE,FALSE,TRUE,TRUE,"No",FALSE,TRUE,TRUE,"SAN ANTONiO","TX",1
"4493",4000,64,4,39,FALSE,FALSE,TRUE,TRUE,"No",FALSE,TRUE,TRUE,"SAN ANTONiO","TX",1
"4494",4000,65,1,25,FALSE,FALSE,TRUE,TRUE,"No",FALSE,TRUE,TRUE,"SAN ANTONiO","TX",2
"4495",4000,65,2,57,FALSE,FALSE,TRUE,TRUE,"No",FALSE,TRUE,TRUE,"SAN ANTONiO","TX",2
"4496",4000,65,3,64,FALSE,FALSE,TRUE,TRUE,"No",FALSE,TRUE,TRUE,"SAN ANTONiO","TX",2
"4497",4000,65,4,65,FALSE,FALSE,TRUE,TRUE,"No",FALSE,TRUE,TRUE,"SAN ANTONiO","TX",2
"4498",4000,66,1,36,FALSE,FALSE,TRUE,TRUE,"No",FALSE,TRUE,TRUE,"SAN ANTONiO","TX",3
"4499",4000,66,2,29,FALSE,FALSE,TRUE,TRUE,"No",FALSE,TRUE,TRUE,"SAN ANTONiO","TX",3
"4500",4000,66,3,57,FALSE,FALSE,TRUE,TRUE,"No",FALSE,TRUE,TRUE,"SAN ANTONiO","TX",3
"4501",4000,66,4,87,FALSE,FALSE,TRUE,TRUE,"No",FALSE,TRUE,TRUE,"SAN ANTONiO","TX",3
"4502",4000,67,1,34,FALSE,FALSE,TRUE,TRUE,"No",FALSE,TRUE,TRUE,"SAN ANTONiO","TX",4
"4503",4000,67,2,59,FALSE,FALSE,TRUE,TRUE,"No",FALSE,TRUE,TRUE,"SAN ANTONiO","TX",4
"4504",4000,67,3,37,FALSE,FALSE,TRUE,TRUE,"No",FALSE,TRUE,TRUE,"SAN ANTONiO","TX",4
"4505",4000,67,4,99,FALSE,FALSE,TRUE,TRUE,"No",FALSE,TRUE,TRUE,"SAN ANTONiO","TX",4
"4506",4000,68,1,9,FALSE,FALSE,TRUE,TRUE,"No",FALSE,TRUE,TRUE,"SAN ANTONiO","TX",5
"4507",4000,68,2,25,FALSE,FALSE,TRUE,TRUE,"No",FALSE,TRUE,TRUE,"SAN ANTONiO","TX",5
"4508",4000,68,3,25,FALSE,FALSE,TRUE,TRUE,"No",FALSE,TRUE,TRUE,"SAN ANTONiO","TX",5
"4509",4000,68,4,47,FALSE,FALSE,TRUE,TRUE,"No",FALSE,TRUE,TRUE,"SAN ANTONiO","TX",5
"4510",4000,69,2,20,FALSE,FALSE,TRUE,TRUE,"No",FALSE,TRUE,TRUE,"SAN ANTONiO","TX",6
"4511",4000,69,3,40,FALSE,FALSE,TRUE,TRUE,"No",FALSE,TRUE,TRUE,"SAN ANTONiO","TX",6
"4512",4000,69,4,39,FALSE,FALSE,TRUE,TRUE,"No",FALSE,TRUE,TRUE,"SAN ANTONiO","TX",6
"4513",4000,70,1,9,FALSE,FALSE,TRUE,TRUE,"No",FALSE,TRUE,TRUE,"SAN ANTONiO","TX",0
"4514",4000,70,2,22,FALSE,FALSE,TRUE,TRUE,"No",FALSE,TRUE,TRUE,"SAN ANTONiO","TX",0
"4515",4000,70,3,25,FALSE,FALSE,TRUE,TRUE,"No",FALSE,TRUE,TRUE,"SAN ANTONiO","TX",0
"4516",4000,70,4,39,FALSE,FALSE,TRUE,TRUE,"No",FALSE,TRUE,TRUE,"SAN ANTONiO","TX",0
"4517",4000,71,1,11,FALSE,FALSE,TRUE,TRUE,"No",FALSE,TRUE,TRUE,"SAN ANTONiO","TX",1
"4518",4000,71,2,23,FALSE,FALSE,TRUE,TRUE,"No",FALSE,TRUE,TRUE,"SAN ANTONiO","TX",1
"4519",4000,71,3,37,FALSE,FALSE,TRUE,TRUE,"No",FALSE,TRUE,TRUE,"SAN ANTONiO","TX",1
"4520",4000,71,4,35,FALSE,FALSE,TRUE,TRUE,"No",FALSE,TRUE,TRUE,"SAN ANTONiO","TX",1
"4521",4000,72,1,44,FALSE,FALSE,TRUE,TRUE,"No",FALSE,TRUE,TRUE,"SAN ANTONiO","TX",2
"4522",4000,72,2,36,FALSE,FALSE,TRUE,TRUE,"No",FALSE,TRUE,TRUE,"SAN ANTONiO","TX",2
"4523",4000,72,3,104,FALSE,FALSE,TRUE,TRUE,"No",FALSE,TRUE,TRUE,"SAN ANTONiO","TX",2
"4524",4000,72,4,42,FALSE,FALSE,TRUE,TRUE,"No",FALSE,TRUE,TRUE,"SAN ANTONiO","TX",2
"4525",4000,73,1,23,FALSE,FALSE,TRUE,TRUE,"No",FALSE,TRUE,TRUE,"SAN ANTONiO","TX",3
"4526",4000,73,2,69,FALSE,FALSE,TRUE,TRUE,"No",FALSE,TRUE,TRUE,"SAN ANTONiO","TX",3
"4527",4000,73,3,63,FALSE,FALSE,TRUE,TRUE,"No",FALSE,TRUE,TRUE,"SAN ANTONiO","TX",3
"4528",4000,73,4,54,FALSE,FALSE,TRUE,TRUE,"No",FALSE,TRUE,TRUE,"SAN ANTONiO","TX",3
"4529",4000,74,1,36,FALSE,FALSE,TRUE,TRUE,"No",FALSE,TRUE,TRUE,"SAN ANTONiO","TX",4
"4530",4000,74,2,46,FALSE,FALSE,TRUE,TRUE,"No",FALSE,TRUE,TRUE,"SAN ANTONiO","TX",4
"4531",4000,74,3,55,FALSE,FALSE,TRUE,TRUE,"No",FALSE,TRUE,TRUE,"SAN ANTONiO","TX",4
"4532",4000,74,4,71,FALSE,FALSE,TRUE,TRUE,"No",FALSE,TRUE,TRUE,"SAN ANTONiO","TX",4
"4533",4000,75,1,16,FALSE,FALSE,TRUE,TRUE,"No",FALSE,TRUE,TRUE,"SAN ANTONiO","TX",5
"4534",4000,75,2,35,FALSE,FALSE,TRUE,TRUE,"No",FALSE,TRUE,TRUE,"SAN ANTONiO","TX",5
"4535",4000,75,3,26,FALSE,FALSE,TRUE,TRUE,"No",FALSE,TRUE,TRUE,"SAN ANTONiO","TX",5
"4536",4000,75,4,52,FALSE,FALSE,TRUE,TRUE,"No",FALSE,TRUE,TRUE,"SAN ANTONiO","TX",5
"4537",4000,76,1,16,FALSE,FALSE,TRUE,TRUE,"No",FALSE,TRUE,TRUE,"SAN ANTONiO","TX",6
"4538",4000,76,2,36,FALSE,FALSE,TRUE,TRUE,"No",FALSE,TRUE,TRUE,"SAN ANTONiO","TX",6
"4539",4000,76,3,37,FALSE,FALSE,TRUE,TRUE,"No",FALSE,TRUE,TRUE,"SAN ANTONiO","TX",6
"4540",4000,76,4,52,FALSE,FALSE,TRUE,TRUE,"No",FALSE,TRUE,TRUE,"SAN ANTONiO","TX",6
"4541",4000,77,1,14,FALSE,FALSE,TRUE,TRUE,"No",FALSE,TRUE,TRUE,"SAN ANTONiO","TX",0
"4542",4000,77,2,26,FALSE,FALSE,TRUE,TRUE,"No",FALSE,TRUE,TRUE,"SAN ANTONiO","TX",0
"4543",4000,77,3,36,FALSE,FALSE,TRUE,TRUE,"No",FALSE,TRUE,TRUE,"SAN ANTONiO","TX",0
"4544",4000,77,4,45,FALSE,FALSE,TRUE,TRUE,"No",FALSE,TRUE,TRUE,"SAN ANTONiO","TX",0
"4545",4000,78,1,17,FALSE,FALSE,TRUE,TRUE,"No",FALSE,TRUE,TRUE,"SAN ANTONiO","TX",1
"4546",4000,78,2,25,FALSE,FALSE,TRUE,TRUE,"No",FALSE,TRUE,TRUE,"SAN ANTONiO","TX",1
"4547",4000,78,3,24,FALSE,FALSE,TRUE,TRUE,"No",FALSE,TRUE,TRUE,"SAN ANTONiO","TX",1
"4548",4000,78,4,57,FALSE,FALSE,TRUE,TRUE,"No",FALSE,TRUE,TRUE,"SAN ANTONiO","TX",1
"4549",4000,79,1,41,FALSE,FALSE,TRUE,TRUE,"No",FALSE,TRUE,TRUE,"SAN ANTONiO","TX",2
"4550",4000,79,2,60,FALSE,FALSE,TRUE,TRUE,"No",FALSE,TRUE,TRUE,"SAN ANTONiO","TX",2
"4551",4000,79,3,58,FALSE,FALSE,TRUE,TRUE,"No",FALSE,TRUE,TRUE,"SAN ANTONiO","TX",2
"4552",4000,79,4,81,FALSE,FALSE,TRUE,TRUE,"No",FALSE,TRUE,TRUE,"SAN ANTONiO","TX",2
"4553",4000,80,1,51,FALSE,FALSE,TRUE,TRUE,"No",FALSE,TRUE,TRUE,"SAN ANTONiO","TX",3
"4554",4000,80,2,40,FALSE,FALSE,TRUE,TRUE,"No",FALSE,TRUE,TRUE,"SAN ANTONiO","TX",3
"4555",4000,80,3,71,FALSE,FALSE,TRUE,TRUE,"No",FALSE,TRUE,TRUE,"SAN ANTONiO","TX",3
"4556",4000,80,4,72,FALSE,FALSE,TRUE,TRUE,"No",FALSE,TRUE,TRUE,"SAN ANTONiO","TX",3
"4557",4000,81,1,46,FALSE,FALSE,TRUE,TRUE,"No",FALSE,TRUE,TRUE,"SAN ANTONiO","TX",4
"4558",4000,81,2,74,FALSE,FALSE,TRUE,TRUE,"No",FALSE,TRUE,TRUE,"SAN ANTONiO","TX",4
"4559",4000,81,3,45,FALSE,FALSE,TRUE,TRUE,"No",FALSE,TRUE,TRUE,"SAN ANTONiO","TX",4
"4560",4000,81,4,66,FALSE,FALSE,TRUE,TRUE,"No",FALSE,TRUE,TRUE,"SAN ANTONiO","TX",4
"4561",4000,82,1,22,FALSE,FALSE,TRUE,TRUE,"No",FALSE,TRUE,TRUE,"SAN ANTONiO","TX",5
"4562",4000,82,2,24,FALSE,FALSE,TRUE,TRUE,"No",FALSE,TRUE,TRUE,"SAN ANTONiO","TX",5
"4563",4000,82,3,38,FALSE,FALSE,TRUE,TRUE,"No",FALSE,TRUE,TRUE,"SAN ANTONiO","TX",5
"4564",4000,82,4,44,FALSE,FALSE,TRUE,TRUE,"No",FALSE,TRUE,TRUE,"SAN ANTONiO","TX",5
"4565",4000,83,1,18,FALSE,FALSE,TRUE,TRUE,"No",FALSE,TRUE,TRUE,"SAN ANTONiO","TX",6
"4566",4000,83,2,28,FALSE,FALSE,TRUE,TRUE,"No",FALSE,TRUE,TRUE,"SAN ANTONiO","TX",6
"4567",4000,83,3,32,FALSE,FALSE,TRUE,TRUE,"No",FALSE,TRUE,TRUE,"SAN ANTONiO","TX",6
"4568",4000,83,4,52,FALSE,FALSE,TRUE,TRUE,"No",FALSE,TRUE,TRUE,"SAN ANTONiO","TX",6
"4569",4000,84,1,14,FALSE,FALSE,TRUE,TRUE,"No",FALSE,TRUE,TRUE,"SAN ANTONiO","TX",0
"4570",4000,84,2,17,FALSE,FALSE,TRUE,TRUE,"No",FALSE,TRUE,TRUE,"SAN ANTONiO","TX",0
"4571",4000,84,3,40,FALSE,FALSE,TRUE,TRUE,"No",FALSE,TRUE,TRUE,"SAN ANTONiO","TX",0
"4572",4000,84,4,33,FALSE,FALSE,TRUE,TRUE,"No",FALSE,TRUE,TRUE,"SAN ANTONiO","TX",0
"4573",4000,85,1,17,FALSE,FALSE,TRUE,TRUE,"No",FALSE,TRUE,TRUE,"SAN ANTONiO","TX",1
"4574",4000,85,2,22,FALSE,FALSE,TRUE,TRUE,"No",FALSE,TRUE,TRUE,"SAN ANTONiO","TX",1
"4575",4000,85,3,35,FALSE,FALSE,TRUE,TRUE,"No",FALSE,TRUE,TRUE,"SAN ANTONiO","TX",1
"4576",4000,85,4,38,FALSE,FALSE,TRUE,TRUE,"No",FALSE,TRUE,TRUE,"SAN ANTONiO","TX",1
"4577",4000,86,1,34,FALSE,FALSE,TRUE,TRUE,"No",FALSE,TRUE,TRUE,"SAN ANTONiO","TX",2
"4578",4000,86,2,67,FALSE,FALSE,TRUE,TRUE,"No",FALSE,TRUE,TRUE,"SAN ANTONiO","TX",2
"4579",4000,86,3,43,FALSE,FALSE,TRUE,TRUE,"No",FALSE,TRUE,TRUE,"SAN ANTONiO","TX",2
"4580",4000,86,4,82,FALSE,FALSE,TRUE,TRUE,"No",FALSE,TRUE,TRUE,"SAN ANTONiO","TX",2
"4581",4000,87,1,34,FALSE,FALSE,TRUE,TRUE,"No",FALSE,TRUE,TRUE,"SAN ANTONiO","TX",3
"4582",4000,87,2,75,FALSE,FALSE,TRUE,TRUE,"No",FALSE,TRUE,TRUE,"SAN ANTONiO","TX",3
"4583",4000,87,3,96,FALSE,FALSE,TRUE,TRUE,"No",FALSE,TRUE,TRUE,"SAN ANTONiO","TX",3
"4584",4000,87,4,77,FALSE,FALSE,TRUE,TRUE,"No",FALSE,TRUE,TRUE,"SAN ANTONiO","TX",3
"4585",4000,88,1,22,FALSE,FALSE,TRUE,TRUE,"No",FALSE,TRUE,TRUE,"SAN ANTONiO","TX",4
"4586",4000,88,2,101,FALSE,FALSE,TRUE,TRUE,"No",FALSE,TRUE,TRUE,"SAN ANTONiO","TX",4
"4587",4000,88,3,87,FALSE,FALSE,TRUE,TRUE,"No",FALSE,TRUE,TRUE,"SAN ANTONiO","TX",4
"4588",4000,88,4,107,FALSE,FALSE,TRUE,TRUE,"No",FALSE,TRUE,TRUE,"SAN ANTONiO","TX",4
"4589",4000,89,1,15,FALSE,FALSE,TRUE,TRUE,"No",FALSE,TRUE,TRUE,"SAN ANTONiO","TX",5
"4590",4000,89,2,32,FALSE,FALSE,TRUE,TRUE,"No",FALSE,TRUE,TRUE,"SAN ANTONiO","TX",5
"4591",4000,89,3,32,FALSE,FALSE,TRUE,TRUE,"No",FALSE,TRUE,TRUE,"SAN ANTONiO","TX",5
"4592",4000,89,4,45,FALSE,FALSE,TRUE,TRUE,"No",FALSE,TRUE,TRUE,"SAN ANTONiO","TX",5
"4593",4000,90,1,20,FALSE,FALSE,TRUE,TRUE,"No",FALSE,TRUE,TRUE,"SAN ANTONiO","TX",6
"4594",4000,90,2,35,FALSE,FALSE,TRUE,TRUE,"No",FALSE,TRUE,TRUE,"SAN ANTONiO","TX",6
"4595",4000,90,3,47,FALSE,FALSE,TRUE,TRUE,"No",FALSE,TRUE,TRUE,"SAN ANTONiO","TX",6
"4596",4000,90,4,45,FALSE,FALSE,TRUE,TRUE,"No",FALSE,TRUE,TRUE,"SAN ANTONiO","TX",6
